{
  "folders": {
    "hyperspectral": "../../../data/datasets/hyperfree/Extracted Features/features spectralearth",
    "ms_mean": "../../../data/datasets/hyperfree/Extracted Features/features spectralearth 7 bands",
    "ms_srf": "../../../data/datasets/hyperfree/Extracted Features/features spectralearth 7 bands srf"
  },
  "num_matched_samples": 77858,
  "first_sample_shapes": {
    "H": [
      256,
      4,
      4
    ],
    "M1": [
      256,
      4,
      4
    ],
    "M2": [
      256,
      4,
      4
    ]
  },
  "paired_global_cosine": {
    "H_M1": {
      "count": 77858,
      "mean": 0.5804862266687232,
      "std": 0.01772765479209623,
      "min": 0.5052949786186218,
      "p25": 0.5696174651384354,
      "median": 0.5784697532653809,
      "p75": 0.5888479948043823,
      "max": 0.7107721567153931
    },
    "H_M2": {
      "count": 77858,
      "mean": 0.5804540186201005,
      "std": 0.01772802174842515,
      "min": 0.5053191781044006,
      "p25": 0.569580152630806,
      "median": 0.5784383118152618,
      "p75": 0.5888252258300781,
      "max": 0.7113914489746094
    },
    "M1_M2": {
      "count": 77858,
      "mean": 1.7323673005713936e-05,
      "std": 0.00011807713094947047,
      "min": 0.0,
      "p25": 1.9669532775878906e-06,
      "median": 3.635883331298828e-06,
      "p75": 7.271766662597656e-06,
      "max": 0.007120788097381592
    }
  },
  "paired_global_l2": {
    "H_M1": {
      "count": 77858,
      "mean": 9.882869530858368,
      "std": 0.15414188074256124,
      "min": 9.170218467712402,
      "p25": 9.78551983833313,
      "median": 9.866575717926025,
      "p75": 9.962069988250732,
      "max": 10.872828483581543
    },
    "H_M2": {
      "count": 77858,
      "mean": 9.88282196727969,
      "std": 0.15414084406854162,
      "min": 9.1688871383667,
      "p25": 9.78535509109497,
      "median": 9.866455554962158,
      "p75": 9.962024211883545,
      "max": 10.878971099853516
    },
    "M1_M2": {
      "count": 77858,
      "mean": 0.03388456118161538,
      "std": 0.04295782100967982,
      "min": 0.003637566464021802,
      "p25": 0.018600288312882185,
      "median": 0.02517007477581501,
      "p75": 0.035444462671875954,
      "max": 1.1014453172683716
    }
  },
  "random_same_modality_global_cosine": {
    "H_H": {
      "count": 20000,
      "mean": 0.07765909516215325,
      "std": 0.053276424928535224,
      "min": 0.004535317420959473,
      "p25": 0.03806696832180023,
      "median": 0.06464490294456482,
      "p75": 0.1033979058265686,
      "max": 0.3309093117713928
    },
    "M1_M1": {
      "count": 20000,
      "mean": 0.08250566539764405,
      "std": 0.05020223171665272,
      "min": 0.009547650814056396,
      "p25": 0.04357297718524933,
      "median": 0.06806668639183044,
      "p75": 0.10972863435745239,
      "max": 0.29558247327804565
    },
    "M2_M2": {
      "count": 20000,
      "mean": 0.08235827751457692,
      "std": 0.050132342243501375,
      "min": 0.009512543678283691,
      "p25": 0.04350428283214569,
      "median": 0.06808340549468994,
      "p75": 0.10957586765289307,
      "max": 0.29592347145080566
    }
  },
  "random_same_modality_global_l2": {
    "H_H": {
      "count": 20000,
      "mean": 3.369952413696051,
      "std": 1.1498589583792949,
      "min": 0.8615676164627075,
      "p25": 2.4997111558914185,
      "median": 3.2560267448425293,
      "p75": 4.111350893974304,
      "max": 7.296581268310547
    },
    "M1_M1": {
      "count": 20000,
      "mean": 3.6170715657889843,
      "std": 1.0917447334293917,
      "min": 1.281363606452942,
      "p25": 2.7439494729042053,
      "median": 3.432473301887512,
      "p75": 4.3605637550354,
      "max": 7.147085189819336
    },
    "M2_M2": {
      "count": 20000,
      "mean": 3.6139724991321565,
      "std": 1.090889641245864,
      "min": 1.2791194915771484,
      "p25": 2.7426130175590515,
      "median": 3.431621789932251,
      "p75": 4.356545567512512,
      "max": 7.15161657333374
    }
  },
  "random_cross_modality_global_cosine": {
    "H_M1": {
      "count": 20000,
      "mean": 0.5794236637562513,
      "std": 0.018881442439530226,
      "min": 0.4948161244392395,
      "p25": 0.5680387318134308,
      "median": 0.5792514085769653,
      "p75": 0.5904416292905807,
      "max": 0.6789997816085815
    },
    "H_M2": {
      "count": 20000,
      "mean": 0.5794070707648993,
      "std": 0.018892044991114604,
      "min": 0.4948784112930298,
      "p25": 0.5680056512355804,
      "median": 0.5792331099510193,
      "p75": 0.5904173254966736,
      "max": 0.6800582408905029
    },
    "M1_M2": {
      "count": 20000,
      "mean": 0.0824288125127554,
      "std": 0.05016495533433642,
      "min": 0.009539425373077393,
      "p25": 0.043534547090530396,
      "median": 0.0680939257144928,
      "p75": 0.10959309339523315,
      "max": 0.2954145073890686
    }
  },
  "random_cross_modality_global_l2": {
    "H_M1": {
      "count": 20000,
      "mean": 9.874081031847,
      "std": 0.16685585759162505,
      "min": 9.094942092895508,
      "p25": 9.775243759155273,
      "median": 9.87449312210083,
      "p75": 9.975025653839111,
      "max": 10.677021026611328
    },
    "H_M2": {
      "count": 20000,
      "mean": 9.874161174535752,
      "std": 0.16693202408412577,
      "min": 9.095061302185059,
      "p25": 9.775259494781494,
      "median": 9.874731540679932,
      "p75": 9.975028991699219,
      "max": 10.67871379852295
    },
    "M1_M2": {
      "count": 20000,
      "mean": 3.6154595712184907,
      "std": 1.0912747535978498,
      "min": 1.2808696031570435,
      "p25": 2.7429885864257812,
      "median": 3.4327679872512817,
      "p75": 4.357661724090576,
      "max": 7.145313262939453
    }
  },
  "relative_ratio_paired_over_random_same_modality": {
    "cos_H_M1_over_H_H": {
      "count": 77858,
      "mean": 7.474800285229457,
      "std": 0.22827531991044406,
      "min": 6.506578238692571,
      "p25": 7.334845505849204,
      "median": 7.448834577038635,
      "p75": 7.582473032615944,
      "max": 9.152465081279805
    },
    "cos_H_M2_over_H_H": {
      "count": 77858,
      "mean": 7.474385548892953,
      "std": 0.2282800451306939,
      "min": 6.506889850432681,
      "p25": 7.3343650404568175,
      "median": 7.448429712031473,
      "p75": 7.5821798412742645,
      "max": 9.160439578766844
    },
    "cos_M1_M2_over_M1_M1": {
      "count": 77858,
      "mean": 0.0002099694963033259,
      "std": 0.0014311396724138422,
      "min": 0.0,
      "p25": 2.3840220766755454e-05,
      "median": 4.40682868718813e-05,
      "p75": 8.81365737437626e-05,
      "max": 0.08630665619218103
    },
    "l2_H_M1_over_H_H": {
      "count": 77858,
      "mean": 2.9326436452612006,
      "std": 0.04574007636312708,
      "min": 2.7211715009514967,
      "p25": 2.9037560882352937,
      "median": 2.9278086176607747,
      "p75": 2.9561455965262926,
      "max": 3.2264041591188493
    },
    "l2_H_M2_over_H_H": {
      "count": 77858,
      "mean": 2.9326295312403174,
      "std": 0.04573976874037974,
      "min": 2.720776442154734,
      "p25": 2.903707201124161,
      "median": 2.9277729604914393,
      "p75": 2.956132012842737,
      "max": 3.2282269196560627
    },
    "l2_M1_M2_over_M1_M1": {
      "count": 77858,
      "mean": 0.009367954314783968,
      "std": 0.011876408920405066,
      "min": 0.001005666157790922,
      "p25": 0.005142361154478552,
      "median": 0.006958688629187992,
      "p75": 0.009799215201357105,
      "max": 0.3045130009829141
    }
  },
  "cka": {
    "n": 5000,
    "linear_cka_H_M1": 0.5834301710128784,
    "linear_cka_H_M2": 0.5831342935562134,
    "linear_cka_M1_M2": 0.9999218583106995
  },